Original Name,Label,Generated Name
ripple logistics S.A.R.L.,ripple,"""ripple"""
strata transport,strata,"""strata"""
pendulum logistics Schweiz,pendulum,"""pendulum"""
ambergris transport,ambergris,"""ambergris"""
andes transportes,andes,"""andas"""
fjordline logistik S.A.R.L.,fjordline,"""fjord"""
meridian logistics Italia B.V.,meridian,"""meridian"""
jurassic-logistics,jurassic,"""jurassic"""
vivid-logistik KGaA,vivid,"""vivid"""
xplore logistics Sverige GmbH & Co. KG,xplore,"""xplore"""
atlas logistics group België GmbH & Co. KG,atlas,"""atlas"""
banyan transport Sverige,banyan,"""banyan"""
barley logistics S.L.,barley,"""barley"""
everest-logistics,everest,"""everest"""
quasar transport GmbH,quasar,"""quasar"""
lemur-logistics Italia S.L.,lemur,"""lemur"""
wharf transport Austria,wharf,"""wharf"""
solstice logistik Polska AG,solstice,"""solstice"""
ion express Italia GmbH & Co. KG,ion,"""ion"""
everest-logistics B.V.,everest,"""everest"""
mirage transport Sverige GmbH & Co. KG,mirage,"""mirage"""
whisper-transport,whisper,"""whisper"""
zircon logistics GmbH & Co. KG,zircon,"""zircon"""
solstice-logistics Sverige GmbH & Co. KG,solstice,"""solstice"""
balsam-logistics Ltd,balsam,"""balsam"""
ultra express USA GmbH,ultra,"""ultra"""
jurassic-logistics AG,jurassic,"""jurassic"""
sirocco logistique België B.V.,sirocco,"""sirocco"""
jurassic logistics SARL,jurassic,"""jurassic"""
firenza-express,firenza,"""firas"""
kinetic transport Norge KGaA,kinetic,"""kinetic"""
kinetic transport Italy B.V.,kinetic,"""kinetic"""
fjordline logistics Sverige,fjordline,"""fjord"""
solara transport GmbH & Co. KG,solara,"""solara"""
strata transport Česko Ltd,strata,"""strata"""
lotus logistics Austria B.V.,lotus,"""lotus"""
jade logistics Polska S.L.,jade,"""jade"""
quartz-transport Italy,quartz,"""quartz"""
kasbah transport GmbH,kasbah,"""kasbah"""
yonder-logistik GmbH & Co. KG,yonder,"""yonder"""
caldera transport Česko GmbH,caldera,"""caldera"""
laguna transporte Danmark GmbH & Co. KG,laguna,"""laguna"""
sequoia transporte Deutschland S.A.,sequoia,"""sequoia"""
fjord transport,fjord,"""fjord"""
riviera transport,riviera,"""riviera"""
zircon logistics España Inc,zircon,"""zircon"""
terra transport Österreich,terra,"""terra"""
jasper logistics B.V.,jasper,"""jasper"""
firenza express,firenza,"""firasina"""
quasar transport KG,quasar,"""quasar"""
wildwood transport Portugal,wildwood,"""wildwood"""
everest-logistics France GmbH & Co. KG,everest,"""everest"""
xenon logistics UK KG,xenon,"""xenon"""
palmar transporte GmbH & Co. KG,palmar,"""palmar"""
tundra transportes SARL,tundra,"""tundra"""
waratah logistics Norge SARL,waratah,"""waratah"""
nebula logistique Switzerland S.L.,nebula,"""nebula"""
gaia logistics Italy B.V.,gaia,"""gaia"""
granite logistics Luxembourg,granite,"""granite"""
falcon transport Austria Inc,falcon,"""falcon"""
umbriel logistik Inc,umbriel,"""umbriel"""
jade-logistics GmbH & Co. KG,jade,"""jade"""
kaldera transport S.A.R.L.,kaldera,"""kaldera"""
laguna transportes Deutschland,laguna,"""laguna"""
umbriel-logistics Luxembourg S.A.R.L.,umbriel,"""umbriel"""
orbis transport Italia AG,orbis,"""orbis"""
zircon-logistics B.V.,zircon,"""zircon"""
equator logistics Portugal KG,equator,"""equator"""
barley logistik Portugal KG,barley,"""barley"""
umbriel logistics Italy KG,umbriel,"""umbriel"""
hadrian logistics UK SARL,hadrian,"""hadrian"""
kaldera transport,kaldera,"""kaldera"""
banyan transport Austria,banyan,"""banyan"""
hadrian-logistics S.A.,hadrian,"""hadrian"""
jaguar logistics,jaguar,"""jaguar"""
quartz-transport GmbH & Co. KG,quartz,"""quartz"""
lilac logistics Belgique,lilac,"""lilac"""
alpine freight Polska AG,alpine,"""alpine"""
vector freight AG,vector,"""vector"""
nocturne-logistics Deutschland GmbH,nocturne,"""nocturne"""
fjordline logistics Luxembourg SARL,fjordline,"""fjord"""
xanthe logistics,xanthe,"""xanthe"""
xanthe-logistics Norge AG,xanthe,"""xanthe"""
ambergris transport UK KG,ambergris,"""ambergris"""
boreal transport,boreal,"""boreal"""
solstice express KG,solstice,"""solstice"""
dorsal logistics KGaA,dorsal,"""dorsal"""
riviera-transport France S.L.,riviera,"""riviera"""
kinetic-transport Ltd,kinetic,"""kinetic"""
fjord-transport B.V.,fjord,"""fjord"""
xanthe logistics GmbH & Co. KG,xanthe,"""xanthe"""
solstice logistics KGaA,solstice,"""solstice"""
elm logistics,elm,"""elm"""
niagara logistics GmbH & Co. KG,niagara,"""niagara"""
jade logistics SARL,jade,"""jade"""
meridian logistics Spain GmbH,meridian,"""meridian"""
bengal express Spain SARL,bengal,"""bengal"""
jasper logistics Danmark Ltd,jasper,"""jasper"""
ruffian logistics België KGaA,ruffian,"""ruffian"""
coral transport,coral,"""coral"""
yara-transport GmbH & Co. KG,yara,"""yara"""
mono transport S.L.,mono,"""mono"""
riviera transport GmbH & Co. KG,riviera,"""riviera"""
balsam logistik S.L.,balsam,"""balsam"""
gaia-logistics,gaia,"""gaia"""
kasbah-transport B.V.,kasbah,"""kasbah"""
granite-logistics B.V.,granite,"""granite"""
xylem transport KGaA,xylem,"""xylem"""
nebula-logistik Nederland Inc,nebula,"""nebula"""
yukon-transport SARL,yukon,"""yukon"""
solstice express GmbH & Co. KG,solstice,"""solstice"""
barley logistics GmbH,barley,"""barley"""
sahara transport AG,sahara,"""sahara"""
ibis transport Norge,ibis,"""ibis"""
riviera-transport Norge,riviera,"""riviera"""
quince transport UK S.L.,quince,"""quince"""
eider transport Italy S.L.,eider,"""eider"""
mono transport S.A.,mono,"""mono"""
titan transport GmbH & Co. KG,titan,"""titan"""
yonder logistics,yonder,"""yonder"""
coral-transport Polska,coral,"""coral"""
drift logistics GmbH & Co. KG,drift,"""drift"""
redwood-transport Switzerland,redwood,"""redwood"""
umbriel logistics,umbriel,"""umbriel"""
jasper logistics Italia,jasper,"""jasper"""
mesa-transportes S.L.,mesa,"""mesa"""
umbriel logistics S.L.,umbriel,"""umbriel"""
vivid logistik,vivid,"""vivid"""
zenon-logistik Inc,zenon,"""zenon"""
cumulus-logistics Luxembourg,cumulus,"""cumulus"""
hadrian logistics Italy KG,hadrian,"""hadrian"""
sahara transport España Inc,sahara,"""sahara"""
onyx transport Nederland GmbH & Co. KG,onyx,"""onyx"""
jurassic logistics GmbH,jurassic,"""jurassic"""
lemur logistics SARL,lemur,"""lemur"""
fractal-logistics GmbH & Co. KG,fractal,"""fractal"""
palmar transportes KG,palmar,"""palmar"""
kasbah-transport Inc,kasbah,"""kasbah"""
cumulus logistics UK,cumulus,"""cumulus"""
laguna transportes Spain Inc,laguna,"""laguna"""
quatro logistics Česko B.V.,quatro,"""quatro"""
emberline transport Česko,emberline,"""emberline"""
vortex transport AG,vortex,"""vortex"""
cumulus logistics,cumulus,"""cumulus"""
atlas logistics group Luxembourg KGaA,atlas,"""atlas"""
riviera transport GmbH & Co. KG,riviera,"""riviera"""
redwood-transport S.A.R.L.,redwood,"""redwood"""
xenon logistics Czechia GmbH & Co. KG,xenon,"""xenon"""
yukon transport B.V.,yukon,"""yukon"""
ember transport Italia KG,ember,"""ember"""
xanthe logistics,xanthe,"""xanthe"""
xylem transport GmbH & Co. KG,xylem,"""xylem"""
mirage-transport GmbH,mirage,"""mirage"""
jade logistics GmbH & Co. KG,jade,"""jade"""
helio transport GmbH & Co. KG,helio,"""helio"""
coral transport Norge AG,coral,"""coral"""
firenza-express S.L.,firenza,"""firenza"""
odyssey-transport USA,odyssey,"""odyssey"""
granite logistics,granite,"""granite"""
atlas logistics group Luxembourg S.A.R.L.,atlas,"""atlas"""
balsam logistics GmbH,balsam,"""balsam"""
glacier-logistik SARL,glacier,"""glacier"""
cumulus logistics Belgique AG,cumulus,"""cumulus"""
balsam logistics GmbH & Co. KG,balsam,"""balsam"""
kelvin transport Ltd,kelvin,"""kelvin"""
firenza express S.L.,firenza,"""firenza"""
umbra-logistics B.V.,umbra,"""umbra"""
sirocco logistique Inc,sirocco,"""sirocco"""
andes transportes KGaA,andes,"""andes"""
delta freight,delta,"""delta"""
emberline transport Polska KG,emberline,"""emberline"""
zenon logistik S.A.,zenon,"""zenon"""
riviera-transport België S.A.,riviera,"""riviera"""
fjordline logistics France GmbH & Co. KG,fjordline,"""fjord"""
keystone-transport Switzerland GmbH & Co. KG,keystone,"""keystone"""
waratah-logistics S.A.,waratah,"""waratah"""
zanzibar-transportes,zanzibar,"""zanzibar"""
lilac logistics KG,lilac,"""lilac"""
horizon-transport Norge,horizon,"""horizon"""
terra transport Norge KGaA,terra,"""terra"""
equator logistics Deutschland SARL,equator,"""equator"""
ambergris transport SARL,ambergris,"""ambergris"""
sapphire-transport,sapphire,"""sapphire"""
rapids logistics USA Inc,rapids,"""rapids"""
palmar-transportes Suomi,palmar,"""palmar"""
helio transport SARL,helio,"""helio"""
cascade-logistik Spain S.A.,cascade,"""cascade"""
whisper transport Deutschland GmbH & Co. KG,whisper,"""whisper"""
praxis logistics,praxis,"""praxis"""
fjord transport Luxembourg GmbH,fjord,"""fjord"""
everest logistics Italia GmbH & Co. KG,everest,"""everest"""
onyx transport Luxembourg,onyx,"""onyx"""
zephyr logistics España Inc,zephyr,"""zephyr"""
nocturne-logistik Inc,nocturne,"""nocturne"""
xylem transport,xylem,"""xylen"""
mesa transportes GmbH,mesa,"""mesa"""
lemur-logistik,lemur,"""lemur"""
banyan transport Luxembourg GmbH & Co. KG,banyan,"""banyan"""
jasper logistics España GmbH & Co. KG,jasper,"""jasper"""
praxis logistics Sverige,praxis,"""praxis"""
helio transport KG,helio,"""helio"""
nocturne-logistik,nocturne,"""nocturne"""
barley-logistics,barley,"""barley"""
polar freight Portugal,polar,"""polar"""
cascade logistik België SARL,cascade,"""cascade"""
granite-logistics España GmbH,granite,"""granite"""
keystone transport KG,keystone,"""keystone"""
mesa transportes S.A.R.L.,mesa,"""mesa"""
falcon transport,falcon,"""falcon"""
mesa-transp.,mesa,"""mesa"""
dorsal logistik,dorsal,"""dorsal"""
drift logistics Sverige,drift,"""drift"""
laguna transportes,laguna,"""laguna"""
obsidian-logistik Schweiz S.A.R.L.,obsidian,"""obsidian"""
drift logistics Spain S.A.,drift,"""drift"""
inkwell-transport Ltd,inkwell,"""inkwell"""
valhalla logistics,valhalla,"""valhalla"""
eider-transport Luxembourg,eider,"""eider"""
ion express Switzerland Inc,ion,"""ion"""
xenon logistik Spain,xenon,"""xenon"""
vivid logistics Inc,vivid,"""vivid"""
hadrian logistics Ltd,hadrian,"""hadrian"""
baltoro logistics AG,baltoro,"""baltoro"""
terra transport GmbH,terra,"""terra"""
desert transportes S.A.,desert,"""desert"""
niagara-logistics Luxembourg KG,niagara,"""niagara"""
odyssey transport KGaA,odyssey,"""odyssey"""
jaguar logistics SARL,jaguar,"""jaguar"""
orbis transport Belgique,orbis,"""orbis"""
granada transportes Nederland GmbH,granada,"""granada"""
gamma transport Inc,gamma,"""gamma"""
sapphire transport GmbH,sapphire,"""sapphire"""
helium logistik Nederland S.A.R.L.,helium,"""helium"""
helium logistik GmbH & Co. KG,helium,"""helium"""
gamma transport GmbH,gamma,"""gamma"""
everest logistics S.L.,everest,"""everest"""
obsidian logistics KG,obsidian,"""obsidian"""
drift-logistik Portugal,drift,"""drift"""
vortex transport Deutschland AG,vortex,"""vortex"""
rapids logistics Schweiz GmbH & Co. KG,rapids,"""rapids"""
vivid logistics Österreich KG,vivid,"""vivid"""
sahara transport B.V.,sahara,"""sahara"""
topaz logistics Inc,topaz,"""topaz"""
fjord transport Czechia GmbH & Co. KG,fjord,"""fjord"""
yukon transport Česko S.A.R.L.,yukon,"""yukon"""
hadrian logistics Nederland AG,hadrian,"""hadrian"""
quantum-transport GmbH & Co. KG,quantum,"""quantum"""
nocturne logistics S.A.R.L.,nocturne,"""nocturne"""
folium logistics Inc,folium,"""folium"""
meridian-logistik S.A.,meridian,"""meridian"""
xylem transport Schweiz KGaA,xylem,"""xylem"""
ultra express Austria KGaA,ultra,"""ultra"""
lemur-logistik S.A.R.L.,lemur,"""lemur"""
eider transport S.A.R.L.,eider,"""eider"""
nocturne logistics S.L.,nocturne,"""nocturne"""
quantum transport,quantum,"""quantum"""
sirocco logistique Danmark,sirocco,"""sirocco"""
horizon transport GmbH & Co. KG,horizon,"""horizon"""
caldera transport,caldera,"""caldera"""
dorsal-logistics Italia AG,dorsal,"""dorsal"""
elm logistics Austria AG,elm,"""elm"""
helium logistics Germany KGaA,helium,"""helium"""
alpine freight UK,alpine,"""alpine"""
mesa-transportes KG,mesa,"""mesa"""
banyan transport España S.A.R.L.,banyan,"""banyan"""
polar freight GmbH & Co. KG,polar,"""polar"""
zonda logistik GmbH & Co. KG,zonda,"""zonda"""
elm logistics GmbH & Co. KG,elm,"""elm"""
zircon logistik Norge S.A.,zircon,"""zircon"""
harbor express Inc,harbor,"""harbor"""
nocturne logistics GmbH,nocturne,"""nocturne"""
orbis transport,orbis,"""orbis"""
kasbah transport KGaA,kasbah,"""kasbah"""
lilac logistics Luxembourg,lilac,"""lilac"""
delphi logistics Sverige SARL,delphi,"""delphi"""
helio transport KGaA,helio,"""helio"""
sequoia transporte USA S.A.,sequoia,"""sequoia"""
umbra-express Austria SARL,umbra,"""umbra"""
fjordline logistik GmbH,fjordline,"""fjord"""
praxis logistics,praxis,"""praxis"""
valhalla logistics S.A.,valhalla,"""valhalla"""
odyssey transport Ltd,odyssey,"""odyssey"""
amber transport S.L.,amber,"""amber"""
sequoia transporte GmbH & Co. KG,sequoia,"""sequoia"""
praxis logistik KGaA,praxis,"""praxis"""
umbriel logistics S.A.R.L.,umbriel,"""umbriel"""
firenza express S.A.,firenza,"""firenza"""
umbra-logistics,umbra,"""umbra"""
ultra transport Italy,ultra,"""ultra"""
glacier-logistik S.L.,glacier,"""glacier"""
wharf transport Norge KG,wharf,"""wharf"""
orbis-transport Norge AG,orbis,"""orbis"""
umbriel logistics,umbriel,"""umbriel"""
odyssey transport,odyssey,"""odyssey"""
valhalla logistics Danmark KG,valhalla,"""valhalla"""
desert transportes GmbH & Co. KG,desert,"""desert"""
ibis transport België,ibis,"""ibis"""
falcon transport Belgique B.V.,falcon,"""falcon"""
pendulum logistics S.L.,pendulum,"""pendulum"""
fjord transport Suomi,fjord,"""fjord"""
pendulum-logistics Czechia,pendulum,"""pendulum"""
ruffian-logistics Austria,ruffian,"""ruffian"""
quatro logistik Italia GmbH & Co. KG,quatro,"""quatro"""
meridian logistik KG,meridian,"""meridian"""
jade logistics SARL,jade,"""jade"""
nebula express Inc,nebula,"""nebula"""
helium-logistics S.L.,helium,"""helium"""
sahara transport Czechia Ltd,sahara,"""sahara"""
whisper-transport België B.V.,whisper,"""whisper"""
tamarind-transport USA S.A.,tamarind,"""tamarind"""
solara transport Spain GmbH & Co. KG,solara,"""solara"""
lyra logistics Switzerland S.A.R.L.,lyra,"""lyra"""
canyon logistics Nederland KGaA,canyon,"""canyon"""
vortex transport Switzerland AG,vortex,"""vortex"""
glacier logistik Schweiz Ltd,glacier,"""glacier"""
odyssey transport S.A.R.L.,odyssey,"""odyssey"""
auric logistik Inc,auric,"""auric"""
equator-logistik,equator,"""equator"""
valhalla logistics AG,valhalla,"""valhalla"""
solstice express,solstice,"""solstice"""
bengal-express Ltd,bengal,"""bengal"""
glacier logistik B.V.,glacier,"""glacier"""
ruffian logistics Deutschland GmbH & Co. KG,ruffian,"""ruffian"""
xanthe-logistics Danmark SARL,xanthe,"""xanthe"""
emberline transport Switzerland S.A.R.L.,emberline,"""emberline"""
willow logistics GmbH,willow,"""willow"""
topaz logistics Germany SARL,topaz,"""topaz"""
quince transport GmbH & Co. KG,quince,"""quince"""
zephyr logistics Deutschland AG,zephyr,"""zephyr"""
zanzibar transportes Spain,zanzibar,"""zanzibar"""
umbra express Austria,umbra,"""umbra"""
vivid logistics Česko,vivid,"""vivid"""
ultra express Sverige KG,ultra,"""ultra"""
opal transport Česko GmbH & Co. KG,opal,"""opal"""
equinox-transport SARL,equinox,"""equinox"""
atlas logistik group Česko Ltd,atlas,"""atlas"""
ypsilon-transport S.A.R.L.,ypsilon,"""ypsilon"""
helium logistics España GmbH & Co. KG,helium,"""helium"""
ion express Norge GmbH & Co. KG,ion,"""ion"""
everest logistik S.A.R.L.,everest,"""everest"""
fractal logistics S.A.,fractal,"""fractal"""
solstice express S.A.,solstice,"""solstice"""
rapids-logistics,rapids,"""rapids"""
everest logistics Ltd,everest,"""everest"""
delphi logistics Sverige,delphi,"""delphi"""
lotus logistics,lotus,"""lotus"""
opal-transport GmbH & Co. KG,opal,"""opal"""
niagara logistics KG,niagara,"""niagara"""
caldera transport Polska GmbH,caldera,"""caldera"""
horizon transport,horizon,"""horizon"""
ambergris transport Deutschland GmbH & Co. KG,ambergris,"""ambergris"""
banyan-transport Inc,banyan,"""banyan"""
mono-transport S.A.,mono,"""mono"""
opal-transport KG,opal,"""opal"""
alpine freight,alpine,"""alpine"""
opal transport,opal,"""opal"""
gaia-logistics Germany GmbH,gaia,"""gaia"""
nebula logistique S.L.,nebula,"""nebula"""
vector freight Česko S.L.,vector,"""vector"""
whisper transport Norge S.A.,whisper,"""whisper"""
baltoro-logistics Nederland,baltoro,"""baltoro"""
kelvin-transport Austria,kelvin,"""kelvin"""
jasper logistik France GmbH & Co. KG,jasper,"""jasper"""
odyssey-transport,odyssey,"""odyssey"""
strata-transport Sverige B.V.,strata,"""strata"""
firenza express GmbH & Co. KG,firenza,"""frank"""
xenon-logistics GmbH & Co. KG,xenon,"""xenon"""
magma-transport Nederland,magma,"""magma"""
willow logistics,willow,"""willow"""
ionia-logistik,ionia,"""ionia"""
dorsal logistics,dorsal,"""dorsal"""
rapids-logistics Spain,rapids,"""rapids"""
mesa transportes Luxembourg,mesa,"""mesa"""
umbra logistics Italia GmbH & Co. KG,umbra,"""umbra"""
yukari-transport GmbH,yukari,"""yukari"""
delta freight België GmbH & Co. KG,delta,"""delta"""
hadrian-logistics Ltd,hadrian,"""hadrian"""
yukon transport,yukon,"""yukon"""
riviera transport Czechia,riviera,"""riviera"""
barley logistics Italia S.L.,barley,"""barley"""
falcon-transport,falcon,"""falcon"""
fjordline-logistics,fjordline,"""fjord"""
quince transport,quince,"""quince"""
jurassic logistics Austria AG,jurassic,"""jurassic"""
pacifica logistics Sverige Ltd,pacifica,"""pacifica"""
zanzibar transportes Deutschland Inc,zanzibar,"""zanzibar"""
polar freight België,polar,"""polar"""
kelvin transport Österreich GmbH & Co. KG,kelvin,"""kelvin"""
cascade logistik Nederland GmbH & Co. KG,cascade,"""cascade"""
caldera transport Suomi,caldera,"""caldera"""
obsidian logistics Ltd,obsidian,"""obsidian"""
solara transport,solara,"""solara"""
whisper-transport,whisper,"""whisper"""
nebula-logistique KGaA,nebula,"""nebula"""
niagara logistics,niagara,"""niagara"""
yukon transport Germany KGaA,yukon,"""yukon"""
ion-express GmbH & Co. KG,ion,"""ion"""
ibis transport,ibis,"""ibis"""
onyx transport B.V.,onyx,"""onyx"""
vanguard transportes KG,vanguard,"""vanguard"""
silverline logistics Norge S.L.,silverline,"""silverline"""
ruffian logistics GmbH & Co. KG,ruffian,"""ruffian"""
falcon transport,falcon,"""falcon"""
inkwell-transport Česko,inkwell,"""inkwell"""
kaldera transport,kaldera,"""kaldera"""
wildwood-transport,wildwood,"""wildwood"""
vector freight Austria S.L.,vector,"""vector"""
quasar transport Czechia GmbH & Co. KG,quasar,"""quasar"""
sapphire-transport Austria SARL,sapphire,"""sapphire"""
fractal logistics Luxembourg GmbH,fractal,"""fractal"""
ripple-logistics SARL,ripple,"""ripple"""
banyan transport,banyan,"""banyan"""
jasper-logistics S.A.,jasper,"""jasper"""
solara transport,solara,"""solara"""
jurassic logistics GmbH & Co. KG,jurassic,"""jurassic"""
solara transport B.V.,solara,"""solara"""
horizon transport Sverige KGaA,horizon,"""horizon"""
baltoro-logistics Portugal B.V.,baltoro,"""baltoro"""
helio transport Nederland S.A.R.L.,helio,"""helio"""
inkwell-transport USA SARL,inkwell,"""inkwell"""
lilac logistics Suomi SARL,lilac,"""lilac"""
nebula-logistique S.L.,nebula,"""nebula"""
yara transport België S.L.,yara,"""yara"""
banyan transport Switzerland KGaA,banyan,"""banyan"""
ember transport B.V.,ember,"""ember"""
auric logistik Schweiz,auric,"""auric"""
tamarind transport Österreich,tamarind,"""tamarind"""
fjord transport,fjord,"""fjord"""
yonder-logistics Belgique,yonder,"""yonder"""
riviera-transport Germany,riviera,"""riviera"""
ibiza transportes S.L.,ibiza,"""ibiza"""
jaguar logistics USA S.L.,jaguar,"""jaguar"""
zephyr logistics USA KG,zephyr,"""zephyr"""
ember transport Polska GmbH & Co. KG,ember,"""ember"""
opal transport,opal,"""opal"""
ambergris transport Sverige SARL,ambergris,"""ambergris"""
tundra-transportes Czechia AG,tundra,"""tundra"""
gobi transportes Czechia S.L.,gobi,"""gobi"""
ultra transport Czechia S.A.R.L.,ultra,"""ultra"""
vortex-transport Inc,vortex,"""vortex"""
harbor express UK,harbor,"""harbor"""
tamarind-transport UK KGaA,tamarind,"""tamarind"""
cumulus-logistics Italy SARL,cumulus,"""cumulus"""
sahara-transport,sahara,"""sahara"""
vortex transport Germany KGaA,vortex,"""vortex"""
yonder logistics Nederland KGaA,yonder,"""yonder"""
nylon logistics Italy Inc,nylon,"""nylon"""
atlas-logistics group GmbH & Co. KG,atlas,"""atlas"""
lyra logistik,lyra,"""lyra"""
lotus logistics Schweiz,lotus,"""lotus"""
yukari-transport Österreich,yukari,"""yukari"""
prairie-logistics GmbH & Co. KG,prairie,"""prairie"""
delphi logistics B.V.,delphi,"""delphi"""
ion express Česko,ion,"""ion"""
yukon transport België GmbH & Co. KG,yukon,"""yukon"""
lotus-logistics GmbH & Co. KG,lotus,"""lotus"""
willow logistics Switzerland SARL,willow,"""willow"""
baltoro-logistics GmbH,baltoro,"""baltoro"""
terra transport Czechia KGaA,terra,"""terra"""
equinox transport France GmbH & Co. KG,equinox,"""equinox"""
jurassic logistics Luxembourg KGaA,jurassic,"""jurassic"""
ripple logistics Germany GmbH & Co. KG,ripple,"""ripple"""
zonda logistik UK,zonda,"""zonda"""
wharf transport Österreich KGaA,wharf,"""wharf"""
caldera transport GmbH & Co. KG,caldera,"""caldera"""
odyssey transport,odyssey,"""odyssey"""
apollo-transport Czechia S.A.R.L.,apollo,"""apollo"""
keystone transport España AG,keystone,"""keystone"""
alpine freight Inc,alpine,"""alpine"""
lotus logistics Polska,lotus,"""lotus"""
balsam-logistics,balsam,"""balsam"""
gaia logistics GmbH,gaia,"""gaia"""
balsam logistik Danmark GmbH,balsam,"""balsam"""
balsam logistics Spain GmbH,balsam,"""balsam"""
emberline transport Schweiz GmbH,emberline,"""emberline"""
dorsal-logistics,dorsal,"""dorsal"""
sirocco logistique KGaA,sirocco,"""sirocco"""
dorsal-logistics,dorsal,"""dorsal"""
quatro logistics GmbH,quatro,"""quatro"""
horizon-transport Polska S.A.,horizon,"""horizon"""
tango transport S.A.,tango,"""tango"""
lotus-logistik Česko,lotus,"""lotus"""
tango transport Italia,tango,"""tango"""
elm logistics S.A.,elm,"""elm"""
solara-transport GmbH & Co. KG,solara,"""solara"""
praxis logistics AG,praxis,"""praxis"""
cumulus-logistics Polska,cumulus,"""cumulus"""
solara-transport Italy,solara,"""solara"""
solstice express,solstice,"""solstice"""
xplore logistics Germany,xplore,"""xplore"""
sahara transport Switzerland,sahara,"""sahara"""
titan-transport S.A.,titan,"""titan"""
wildwood transport Nederland,wildwood,"""wildwood"""
laguna transportes,laguna,"""laguna"""
niagara logistik S.A.R.L.,niagara,"""niagara"""
yukon transport SARL,yukon,"""yukon"""
canyon logistik AG,canyon,"""canyon"""
ibis transport Belgique AG,ibis,"""ibis"""
xenon logistik UK,xenon,"""xenon"""
granada transportes Luxembourg,granada,"""granada"""
willow logistik GmbH & Co. KG,willow,"""willow"""
pendulum logistics Polska SARL,pendulum,"""pendulum"""
sierra logistics Österreich,sierra,"""sierra"""
prairie-logistik Czechia GmbH & Co. KG,prairie,"""prairie"""
cumulus logistics Luxembourg AG,cumulus,"""cumulus"""
vortex transport Czechia GmbH & Co. KG,vortex,"""vortex"""
fractal logistics Schweiz Ltd,fractal,"""fractal"""
ripple logistics KGaA,ripple,"""ripple"""
zanzibar transportes Polska KG,zanzibar,"""zanzibar"""
jasper logistics Polska S.L.,jasper,"""jasper"""
fjordline-logistics GmbH & Co. KG,fjordline,"""fjord"""
vanguard transporte GmbH & Co. KG,vanguard,"""vanguard"""
valhalla logistics Nederland GmbH & Co. KG,valhalla,"""valhalla"""
keystone transport Deutschland,keystone,"""keystone"""
ion express Inc,ion,"""ion"""
keystone-transport GmbH & Co. KG,keystone,"""keystone"""
ionia logistics Polska,ionia,"""ionia"""
ibiza transportes,ibiza,"""ibiza"""
fjord transport Luxembourg SARL,fjord,"""fjord"""
riviera transport Česko,riviera,"""riviera"""
folium logistics Polska GmbH & Co. KG,folium,"""folium"""
jade logistics KGaA,jade,"""jade"""
solstice express Ltd,solstice,"""solstice"""
odyssey transport,odyssey,"""odyssey"""
equinox transport SARL,equinox,"""equinox"""
gamma transport Spain S.A.R.L.,gamma,"""gamma"""
gamma transport Norge S.A.R.L.,gamma,"""gamma"""
zephyr logistics België,zephyr,"""zephyr"""
everest-logistics Deutschland S.A.R.L.,everest,"""everest"""
eider transport GmbH & Co. KG,eider,"""eider"""
yukari transport,yukari,"""yukari"""
bengal express,bengal,"""bengal"""
quasar transport KG,quasar,"""quasar"""
quatro logistik,quatro,"""quatro"""
ultra express Inc,ultra,"""ultra"""
delphi logistics,delphi,"""delphi"""
jasper logistics Italy SARL,jasper,"""jasper"""
orbis-transport Portugal KG,orbis,"""orbis"""
equinox transport UK GmbH & Co. KG,equinox,"""equinox"""
umbra express Österreich S.A.,umbra,"""umbra"""
xanthe logistics S.A.R.L.,xanthe,"""xanthe"""
yonder logistics Italia,yonder,"""yonder"""
baltoro-logistics België,baltoro,"""baltoro"""
tundra transportes,tundra,"""tundra"""
magma transport Deutschland AG,magma,"""magma"""
praxis logistics UK S.A.R.L.,praxis,"""praxis"""
xylem-transport,xylem,"""xylen"""
lotus-logistics KG,lotus,"""lotus"""
waratah logistics Italy KG,waratah,"""waratah"""
fjordline logistik Sverige GmbH,fjordline,"""fjord"""
amber-transport Ltd,amber,"""amber"""
emberline transport Sverige,emberline,"""emberline"""
yonder-logistics USA S.A.R.L.,yonder,"""yonder"""
jade logistik,jade,"""jade"""
delphi logistics,delphi,"""delphi"""
fractal logistik Schweiz,fractal,"""fractal"""
odyssey-transport GmbH & Co. KG,odyssey,"""odyssey"""
vivid-logistik Austria GmbH,vivid,"""vivid"""
glacier logistik Sverige KG,glacier,"""glacier"""
zephyr-logistics AG,zephyr,"""zephyr"""
inkwell transport Nederland GmbH,inkwell,"""inkwell"""
cumulus-logistics GmbH & Co. KG,cumulus,"""cumulus"""
ibis transport Inc,ibis,"""ibis"""
ypsilon transport Ltd,ypsilon,"""ypsilon"""
polar freight KGaA,polar,"""polar"""
niagara logistics,niagara,"""niagara"""
crater transport,crater,"""crater"""
glacier-logistik,glacier,"""glacier"""
ibiza transportes,ibiza,"""ibiza"""
onyx transport España GmbH,onyx,"""onyx"""
orbis transport S.A.,orbis,"""orbis"""
magma-transport S.A.,magma,"""magma"""
zanzibar-transp.,zanzibar,"""zanzibar"""
mesa transportes AG,mesa,"""mesa"""
riviera transport B.V.,riviera,"""riviera"""
sierra logistics Switzerland B.V.,sierra,"""sierra"""
fractal logistics Norge,fractal,"""fractal"""
yonder logistics Deutschland GmbH & Co. KG,yonder,"""yonder"""
kelvin transport S.A.R.L.,kelvin,"""kelvin"""
nebula express,nebula,"""nebula"""
balsam logistics Austria,balsam,"""balsam"""
crater transport GmbH,crater,"""crater"""
quatro logistics AG,quatro,"""quatro"""
crater transport Sverige,crater,"""crater"""
nebula express Sverige,nebula,"""nebula"""
ambergris-transport Portugal,ambergris,"""ambergris"""
ypsilon-transport Suomi S.A.R.L.,ypsilon,"""ypsilon"""
granite-logistics Danmark,granite,"""granite"""
tamarind transport Österreich Ltd,tamarind,"""tamarind"""
delphi-logistics België,delphi,"""delphi"""
jaguar logistics USA,jaguar,"""jaguar"""
wharf-transport Belgique KG,wharf,"""wharf"""
canyon logistics GmbH & Co. KG,canyon,"""canyon"""
lyra logistik SARL,lyra,"""lyra"""
ultra-transport Luxembourg S.A.,ultra,"""ultra"""
xanthe logistics France GmbH & Co. KG,xanthe,"""xanthe"""
granite logistics UK SARL,granite,"""granite"""
vivid logistics Danmark GmbH,vivid,"""vivid"""
praxis logistik UK Ltd,praxis,"""praxis"""
jade logistics GmbH,jade,"""jade"""
banyan-transport S.A.,banyan,"""banyan"""
onyx transport KG,onyx,"""onyx"""
helio transport GmbH,helio,"""helio"""
laguna transportes AG,laguna,"""laguna"""
onyx transport,onyx,"""onyx"""
delphi-logistik Inc,delphi,"""delphi"""
gaia logistics GmbH & Co. KG,gaia,"""gaia"""
tango transport Spain B.V.,tango,"""tango"""
vanguard-transport België KGaA,vanguard,"""vanguard"""
vector freight S.A.,vector,"""vector"""
wharf transport B.V.,wharf,"""wharf"""
polar freight España S.L.,polar,"""polar"""
ibis transport Schweiz GmbH & Co. KG,ibis,"""ibis"""
sirocco logistique Österreich AG,sirocco,"""sirocco"""
kinetic transport Deutschland KG,kinetic,"""kinetic"""
fjordline logistics KG,fjordline,"""fjord"""
nebula logistique GmbH & Co. KG,nebula,"""nebula"""
quatro logistics,quatro,"""quatro"""
pacifica-logistik KG,pacifica,"""pacifica"""
riviera-transport,riviera,"""riviera"""
sequoia-transp. Czechia,sequoia,"""sequoia"""
drift logistik GmbH,drift,"""drift"""
zenon logistik UK KG,zenon,"""zenon"""
equator logistics,equator,"""equator"""
jasper logistics Nederland S.L.,jasper,"""jasper"""
ibis transport Nederland,ibis,"""ibis"""
canyon logistics S.L.,canyon,"""canyon"""
yukari-transport S.A.R.L.,yukari,"""yukari"""
desert-transportes KG,desert,"""desert"""
kelvin transport Suomi,kelvin,"""kelvin"""
redwood transport S.L.,redwood,"""redwood"""
quince transport AG,quince,"""quince"""
solstice express Österreich,solstice,"""solstice"""
bengal express UK,bengal,"""bengal"""
mirage transport GmbH,mirage,"""mirage"""
quantum transport Ltd,quantum,"""quantum"""
horizon transport S.L.,horizon,"""horizon"""
baltoro-logistics B.V.,baltoro,"""baltoro"""
rapids logistics Austria SARL,rapids,"""rapids"""
delta freight Schweiz,delta,"""delta"""
zonda logistics Deutschland Inc,zonda,"""zonda"""
drift logistik AG,drift,"""drift"""
zenon logistik Switzerland GmbH,zenon,"""zenon"""
helium-logistik GmbH & Co. KG,helium,"""helium"""
rapids-logistics,rapids,"""rapids"""
falcon-transport AG,falcon,"""falcon"""
ibis transport Spain S.A.,ibis,"""ibis"""
horizon-transport GmbH,horizon,"""horizon"""
ripple logistik,ripple,"""ripple"""
obsidian-logistics Suomi S.A.R.L.,obsidian,"""obsidian"""
granite logistics Austria S.A.R.L.,granite,"""granite"""
willow logistics KG,willow,"""willow"""
sierra logistics B.V.,sierra,"""sierra"""
zenon-logistik Polska,zenon,"""zenon"""
emberline transport,emberline,"""emberline"""
solstice logistics Czechia KGaA,solstice,"""solstice"""
xenon logistics Deutschland GmbH & Co. KG,xenon,"""xenon"""
zanzibar transportes UK Inc,zanzibar,"""zanzibar"""
barley logistics GmbH & Co. KG,barley,"""barley"""
eider transport,eider,"""eider"""
laguna transportes SARL,laguna,"""laguna"""
yonder-logistik Sverige,yonder,"""yonder"""
mirage transport Deutschland S.A.R.L.,mirage,"""mirage"""
ultra transport GmbH & Co. KG,ultra,"""ultra"""
yukon transport Danmark GmbH & Co. KG,yukon,"""yukon"""
everest logistik S.L.,everest,"""everest"""
ambergris transport Portugal Ltd,ambergris,"""ambergris"""
tundra transport B.V.,tundra,"""tundra"""
nebula-logistique,nebula,"""nebula"""
tamarind transport,tamarind,"""tamarind"""
bengal express Italy,bengal,"""bengal"""
fjord transport B.V.,fjord,"""fjord"""
zenon-logistik France,zenon,"""zenon"""
titan transport,titan,"""titan"""
everest logistik AG,everest,"""everest"""
lyra-logistics Austria SARL,lyra,"""lyra"""
umbriel logistics,umbriel,"""umbriel"""
yukon transport Luxembourg GmbH,yukon,"""yukon"""
cumulus logistics Portugal SARL,cumulus,"""cumulus"""
zanzibar-transportes Schweiz KG,zanzibar,"""zanzibar"""
silverline logistik Portugal GmbH & Co. KG,silverline,"""silverline"""
ionia logistik België KGaA,ionia,"""ionia"""
ion express Danmark GmbH,ion,"""ion"""
amber-transport Italia GmbH & Co. KG,amber,"""amber"""
palmar transportes B.V.,palmar,"""palmar"""
pacifica logistik France B.V.,pacifica,"""pacifica"""
horizon transport KG,horizon,"""horizon"""
ambergris transport,ambergris,"""ambergris"""
firenza express Italia AG,firenza,"""firenza"""
titan transport KGaA,titan,"""titan"""
gaia logistics Nederland,gaia,"""gaia"""
fjordline logistics Luxembourg B.V.,fjordline,"""fjord"""
harbor express GmbH & Co. KG,harbor,"""harbor"""
elm logistics Schweiz KGaA,elm,"""elm"""
gaia logistics Deutschland S.L.,gaia,"""gaia"""
vector freight USA GmbH & Co. KG,vector,"""vector"""
caldera-transport GmbH & Co. KG,caldera,"""caldera"""
solstice logistics France,solstice,"""solstice"""
horizon transport France Inc,horizon,"""horizon"""
jurassic logistics Norge AG,jurassic,"""jurassic"""
delta freight S.A.R.L.,delta,"""delta"""
mono transport Polska KG,mono,"""mono"""
umbriel logistics Czechia GmbH & Co. KG,umbriel,"""umbriel"""
zircon logistics Česko GmbH & Co. KG,zircon,"""zircon"""
umbriel logistics S.A.R.L.,umbriel,"""umbriel"""
prairie logistics Sverige S.A.,prairie,"""prairie"""
umbra logistics AG,umbra,"""umbra"""
ambergris transport België,ambergris,"""ambergris"""
nebula logistique B.V.,nebula,"""nebula"""
jasper logistics Schweiz AG,jasper,"""jasper"""
mesa transportes Ltd,mesa,"""mesa"""
kinetic transport Switzerland GmbH & Co. KG,kinetic,"""kinetic"""
umbra logistics KG,umbra,"""umbra"""
atlas logistics group KG,atlas,"""atlas"""
baltoro logistics Italy SARL,baltoro,"""baltoro"""
xylem transport USA,xylem,"""xylen"""
pacifica logistik S.A.,pacifica,"""pacifica"""
umbriel-logistics S.L.,umbriel,"""umbriel"""
ruffian logistics Austria,ruffian,"""ruffian"""
magma transport KG,magma,"""magma"""
vivid logistics KG,vivid,"""vivid"""
harbor express Spain,harbor,"""harbor"""
mono-transport Österreich AG,mono,"""mono"""
firenza-express,firenza,"""firas"""
mirage transport S.L.,mirage,"""mirage"""
jurassic-logistik GmbH & Co. KG,jurassic,"""jurassic"""
yukon-transport AG,yukon,"""yukon"""
mono transport België GmbH & Co. KG,mono,"""mono"""
nebula-express GmbH & Co. KG,nebula,"""nebula"""
titan transport GmbH & Co. KG,titan,"""titan"""
jasper logistics UK KG,jasper,"""jasper"""
terra-transport Czechia S.L.,terra,"""terra"""
tundra transportes S.L.,tundra,"""tundra"""
falcon transport Inc,falcon,"""falcon"""
banyan transport Switzerland,banyan,"""banyan"""
ionia logistics AG,ionia,"""ionia"""
delta freight Portugal B.V.,delta,"""delta"""
alpine freight,alpine,"""alpine"""
meridian-logistics España KG,meridian,"""meridian"""
quartz transport GmbH & Co. KG,quartz,"""quartz"""
hadrian logistics UK GmbH & Co. KG,hadrian,"""hadrian"""
waratah-logistics Österreich KG,waratah,"""waratah"""
quatro logistik UK,quatro,"""quatro"""
nylon logistics Belgique,nylon,"""nylon"""
magma-transport GmbH & Co. KG,magma,"""magma"""
kelvin transport Polska,kelvin,"""kelvin"""
vector freight KGaA,vector,"""vector"""
nylon-logistics GmbH & Co. KG,nylon,"""nylon"""
hadrian logistics Deutschland,hadrian,"""hadrian"""
desert transportes Nederland S.A.R.L.,desert,"""desert"""
lilac logistics B.V.,lilac,"""lilac"""
cascade logistik,cascade,"""cascade"""
ripple-logistik S.A.,ripple,"""ripple"""
falcon-transport GmbH & Co. KG,falcon,"""falcon"""
gamma transport UK,gamma,"""gamma"""
falcon transport Polska,falcon,"""falcon"""
glacier logistik Sverige Inc,glacier,"""glacier"""
ambergris transport Spain,ambergris,"""ambergris"""
vortex transport,vortex,"""vortex"""
dorsal logistics Inc,dorsal,"""dorsal"""
kaldera transport GmbH & Co. KG,kaldera,"""kaldera"""
keystone-transport GmbH,keystone,"""keystone"""
cascade logistik S.L.,cascade,"""cascade"""
tamarind-transport USA GmbH & Co. KG,tamarind,"""tamarind"""
obsidian logistics KGaA,obsidian,"""obsidian"""
coral transport GmbH,coral,"""coral"""
wharf transport Nederland,wharf,"""wharf"""
sahara transport Schweiz,sahara,"""sahara"""
sirocco logistique,sirocco,"""sirocco"""
wildwood transport SARL,wildwood,"""wildwood"""
orbis transport UK Inc,orbis,"""orbis"""
fjord-transport Italia,fjord,"""fjord"""
falcon transport S.A.R.L.,falcon,"""falcon"""
riviera-transport KG,riviera,"""riviera"""
tundra-transportes UK S.A.R.L.,tundra,"""tundra"""
gobi transportes,gobi,"""gobi"""
tundra transportes Ltd,tundra,"""tundra"""
ionia logistics Italia,ionia,"""ionia"""
cumulus logistik GmbH & Co. KG,cumulus,"""cumulus"""
vanguard-transportes UK,vanguard,"""vanguard"""
ionia logistics Italy S.A.,ionia,"""ionia"""
mirage transport GmbH,mirage,"""mirage"""
wildwood-transport,wildwood,"""wildwood"""
nebula logistique Spain GmbH,nebula,"""nebula"""
yukon transport Switzerland Ltd,yukon,"""yukon"""
ionia-logistik,ionia,"""ionia"""
cumulus logistics GmbH,cumulus,"""cumulus"""
bengal express KGaA,bengal,"""bengal"""
zenon logistik KG,zenon,"""zenon"""
magma transport Österreich,magma,"""magma"""
drift logistics USA GmbH & Co. KG,drift,"""drift"""
granite logistics Inc,granite,"""granite"""
ember transport KGaA,ember,"""ember"""
zircon-logistics,zircon,"""zircon"""
waratah logistics SARL,waratah,"""waratah"""
cumulus logistics AG,cumulus,"""cumulus"""
gaia logistik S.L.,gaia,"""gaia"""
vortex transport,vortex,"""vortex"""
wildwood transport KGaA,wildwood,"""wildwood"""
niagara-logistics Switzerland S.A.R.L.,niagara,"""niagara"""
jasper-logistik S.A.R.L.,jasper,"""jasper"""
glacier logistik Suomi SARL,glacier,"""glacier"""
auric-logistik Belgique KGaA,auric,"""auric"""
yara transport Sverige S.A.,yara,"""yara"""
palmar transportes KGaA,palmar,"""palmar"""
emberline transport Italy,emberline,"""emberline"""
fjordline-logistics België GmbH & Co. KG,fjordline,"""fjord"""
vector freight Polska,vector,"""vector"""
hadrian-logistics Switzerland AG,hadrian,"""hadrian"""
harbor express S.A.R.L.,harbor,"""harbor"""
drift logistics Deutschland,drift,"""drift"""
riviera transport SARL,riviera,"""riviera"""
canyon logistics Switzerland S.L.,canyon,"""canyon"""
vector freight Switzerland SARL,vector,"""vector"""
hadrian logistik GmbH & Co. KG,hadrian,"""hadrian"""
whisper transport GmbH,whisper,"""whisper"""
nocturne logistik,nocturne,"""nocturne"""
whisper transport S.A.R.L.,whisper,"""whisper"""
vanguard-transp.,vanguard,"""vanguard"""
xanthe logistics Inc,xanthe,"""xanthe"""
crater transport AG,crater,"""crater"""
banyan transport France,banyan,"""banyan"""
valhalla logistics Österreich AG,valhalla,"""valhalla"""
whisper-transport GmbH,whisper,"""whisper"""
praxis-logistics,praxis,"""praxis"""
ionia logistik S.A.,ionia,"""ionia"""
boreal transport Portugal Ltd,boreal,"""boreal"""
horizon transport Česko KGaA,horizon,"""horizon"""
polar freight,polar,"""polar"""
palmar-transportes UK GmbH,palmar,"""palmar"""
vortex transport France AG,vortex,"""vortex"""
granada transportes Polska GmbH,granada,"""granada"""
magma transport Italy KGaA,magma,"""magma"""
helium logistik Ltd,helium,"""helium"""
elm logistics België,elm,"""elm"""
rapids-logistics Portugal AG,rapids,"""rapids"""
kasbah transport Austria,kasbah,"""kasbah"""
ripple-logistics,ripple,"""ripple"""
mono transport KG,mono,"""mono"""
meridian logistics UK AG,meridian,"""meridian"""
prairie logistics Belgique,prairie,"""prairie"""
cascade logistik KGaA,cascade,"""cascade"""
eider transport Deutschland,eider,"""eider"""
folium logistics,folium,"""folium"""
atlas-logistics group B.V.,atlas,"""atlas"""
drift-logistics S.L.,drift,"""drift"""
ibis transport KGaA,ibis,"""ibis"""
canyon logistics GmbH & Co. KG,canyon,"""canyon"""
bengal express Inc,bengal,"""bengal"""
topaz logistics Schweiz Inc,topaz,"""topaz"""
gamma transport Belgique S.A.,gamma,"""gamma"""
falcon transport S.A.,falcon,"""falcon"""
harbor-express SARL,harbor,"""harbor"""
sapphire transport Belgique,sapphire,"""sapphire"""
terra transport Norge S.L.,terra,"""terra"""
helio transport GmbH & Co. KG,helio,"""helio"""
ultra transport Norge S.L.,ultra,"""ultra"""
nocturne-logistik GmbH & Co. KG,nocturne,"""nocturne"""
caldera-transport Luxembourg KGaA,caldera,"""caldera"""
inkwell transport Ltd,inkwell,"""inkwell"""
mirage transport Österreich,mirage,"""mirage"""
drift logistics België,drift,"""drift"""
zonda-logistics S.A.R.L.,zonda,"""zonda"""
opal transport GmbH & Co. KG,opal,"""opal"""
quatro-logistik B.V.,quatro,"""quatro"""
jurassic logistik,jurassic,"""jurassic"""
helium-logistics GmbH & Co. KG,helium,"""helium"""
helio transport GmbH & Co. KG,helio,"""helio"""
helio transport,helio,"""helio"""
ember transport KG,ember,"""ember"""
helio transport Sverige,helio,"""helio"""
ibis transport France,ibis,"""ibis"""
pacifica logistics UK,pacifica,"""pacifica"""
helio transport Inc,helio,"""helio"""
tamarind transport Czechia GmbH & Co. KG,tamarind,"""tamarind"""
solara transport Portugal,solara,"""solara"""
fjordline logistics Česko KG,fjordline,"""fjord"""
umbra express Italy AG,umbra,"""umbra"""
ambergris transport,ambergris,"""ambergris"""
onyx transport GmbH & Co. KG,onyx,"""onyx"""
alpine freight Belgique GmbH,alpine,"""alpine"""
sequoia transporte Spain S.A.R.L.,sequoia,"""sequoia"""
baltoro-logistik,baltoro,"""baltoro"""
kelvin transport,kelvin,"""kelvin"""
silverline logistics España S.A.,silverline,"""silverline"""
praxis logistics,praxis,"""praxis"""
wildwood-transport Italy GmbH & Co. KG,wildwood,"""wildwood"""
banyan transport Suomi,banyan,"""banyan"""
nebula logistik,nebula,"""nebula"""
zephyr logistics France S.L.,zephyr,"""zephyr"""
zanzibar transp.,zanzibar,"""zanzibar"""
kinetic-transport B.V.,kinetic,"""kinetic"""
atlas logistics group Deutschland GmbH,atlas,"""atlas"""
ultra transport Belgique,ultra,"""ultra"""
niagara-logistics GmbH & Co. KG,niagara,"""niagara"""
everest logistics France B.V.,everest,"""everest"""
vivid logistics Austria KG,vivid,"""vivid"""
fjordline logistics,fjordline,"""fjord"""
nebula logistik Österreich,nebula,"""nebula"""
boreal-transport Suomi S.A.R.L.,boreal,"""boreal"""
ion express,ion,"""ion"""
eider-transport GmbH & Co. KG,eider,"""eider"""
zenon logistik GmbH & Co. KG,zenon,"""zenon"""
cedar transport S.A.R.L.,cedar,"""cedar"""
horizon transport GmbH & Co. KG,horizon,"""horizon"""
kasbah-transport UK,kasbah,"""kasbah"""
amber transport Italy,amber,"""amber"""
niagara-logistics Sverige,niagara,"""niagara"""
ember transport S.A.,ember,"""ember"""
sequoia transporte Inc,sequoia,"""sequoia"""
nebula-logistik B.V.,nebula,"""nebula"""
baltoro logistics,baltoro,"""baltoro"""
ibis transport Sverige GmbH & Co. KG,ibis,"""ibis"""
vector freight Czechia,vector,"""vector"""
quatro logistics GmbH & Co. KG,quatro,"""quatro"""
ibiza transportes Italy,ibiza,"""ibiza"""
yukon transport Česko SARL,yukon,"""yukon"""
ember-transport Austria GmbH & Co. KG,ember,"""ember"""
xanthe logistics Schweiz Inc,xanthe,"""xanthe"""
delphi logistics Inc,delphi,"""delphi"""
wildwood transport Schweiz KGaA,wildwood,"""wildwood"""
lotus-logistics Sverige Inc,lotus,"""lotus"""
cedar transport Sverige GmbH & Co. KG,cedar,"""cedar"""
orbis-transport S.L.,orbis,"""orbis"""
quince transport Italy,quince,"""quince"""
prairie logistik S.A.R.L.,prairie,"""prairie"""
xenon-logistics Switzerland,xenon,"""xenon"""
riviera transport KGaA,riviera,"""riviera"""
mirage transport,mirage,"""mirage"""
xenon logistics,xenon,"""xenon"""
jade logistics GmbH & Co. KG,jade,"""jade"""
fractal logistik SARL,fractal,"""fractal"""
jaguar logistics GmbH,jaguar,"""jaguar"""
kelvin-transport Italia KGaA,kelvin,"""kelvin"""
dorsal logistics AG,dorsal,"""dorsal"""
granada transp. GmbH & Co. KG,granada,"""granada"""
prairie logistics S.A.R.L.,prairie,"""prairie"""
terra transport Suomi SARL,terra,"""terra"""
topaz logistics,topaz,"""topaz"""
cedar transport,cedar,"""cedar"""
apollo transport,apollo,"""apollo"""
eider transport Ltd,eider,"""eider"""
delphi logistik,delphi,"""delphi"""
laguna transportes België,laguna,"""laguna"""
solara transport,solara,"""solara"""
jasper logistics B.V.,jasper,"""jasper"""
xenon-logistics,xenon,"""xenon"""
banyan transport USA,banyan,"""banyan"""
silverline logistics S.A.,silverline,"""silverline"""
cedar transport SARL,cedar,"""cedar"""
zephyr logistics Portugal,zephyr,"""zephyr"""
yukari transport België,yukari,"""yukari"""
jasper logistics GmbH,jasper,"""jasper"""
yonder logistics,yonder,"""yonder"""
nocturne logistics GmbH,nocturne,"""nocturne"""
falcon transport GmbH & Co. KG,falcon,"""falcon"""
dorsal logistics France GmbH,dorsal,"""dorsal"""
bengal express België,bengal,"""bengal"""
prairie logistics,prairie,"""prairie"""
pendulum logistics,pendulum,"""pendulum"""
quantum transport SARL,quantum,"""quantum"""
falcon transport AG,falcon,"""falcon"""
fractal logistics GmbH & Co. KG,fractal,"""fractal"""
quatro logistics KG,quatro,"""quatro"""
jurassic logistics Inc,jurassic,"""jurassic"""
fjordline-logistics USA GmbH & Co. KG,fjordline,"""fjord"""
mono transport,mono,"""mono"""
auric logistik B.V.,auric,"""auric"""
mirage transport,mirage,"""mirage"""
tango-transport,tango,"""tango"""
zircon logistics Inc,zircon,"""zircon"""
firenza-express België B.V.,firenza,"""firasina"""
zephyr logistik KG,zephyr,"""zephyr"""
desert transportes Norge,desert,"""desert"""
helio-transport Austria GmbH & Co. KG,helio,"""helio"""
lemur logistics,lemur,"""lemur"""
magma transport Spain S.A.,magma,"""magma"""
umbra-logistics GmbH,umbra,"""umbra"""
quasar transport Suomi,quasar,"""quasar"""
kaldera transport Danmark KGaA,kaldera,"""kaldera"""
ultra express SARL,ultra,"""ultra"""
meridian logistics Nederland Ltd,meridian,"""meridian"""
alpine freight,alpine,"""alpine"""
solara transport Česko GmbH & Co. KG,solara,"""solara"""
willow logistik GmbH & Co. KG,willow,"""willow"""
prairie logistics GmbH & Co. KG,prairie,"""prairie"""
tango transport GmbH,tango,"""tango"""
sierra logistics Danmark Inc,sierra,"""sierra"""
quartz transport Czechia SARL,quartz,"""quartz"""
ember transport GmbH & Co. KG,ember,"""ember"""
nebula express,nebula,"""nebula"""
fjordline logistics USA S.A.,fjordline,"""fjord"""
tamarind transport Inc,tamarind,"""tamarind"""
dorsal-logistik GmbH,dorsal,"""dorsal"""
whisper-transport Sverige GmbH & Co. KG,whisper,"""whisper"""
jasper-logistics Spain KG,jasper,"""jasper"""
delta freight S.A.,delta,"""delta"""
xanthe logistics GmbH,xanthe,"""xanthe"""
glacier logistik Deutschland GmbH,glacier,"""glacier"""
cedar-transport KGaA,cedar,"""cedar"""
